{"loss": [1.237967848777771, 0.41418030858039856, 0.2818368971347809, 0.2341153770685196, 0.1992865800857544, 0.18423889577388763, 0.17348814010620117, 0.1660136729478836, 0.15985937416553497, 0.14541105926036835], "accuracy": [0.6379116773605347, 0.8660359978675842, 0.9068496823310852, 0.9232378005981445, 0.9343196749687195, 0.9397112131118774, 0.9441923499107361, 0.9474500417709351, 0.9487303495407104, 0.953311026096344], "val_loss": [0.5280404686927795, 0.34314629435539246, 0.36884045600891113, 0.35755422711372375, 0.3070569634437561, 0.27008235454559326, 0.2860480844974518, 0.3389483094215393, 0.34012845158576965, 0.36628636717796326], "val_accuracy": [0.8307534456253052, 0.8880605697631836, 0.8844183683395386, 0.8856135010719299, 0.9071818590164185, 0.9165149331092834, 0.9134418368339539, 0.9031413793563843, 0.9057022333145142, 0.9105964303016663]}